,Date,Season,HomeTeam,AwayTeam,FTH Goals,FTA Goals,FT Result,HTH Goals,HTA Goals,HT Result,Referee,H Shots,A Shots,H SOT,A SOT,H Fouls,A Fouls,H Corners,A Corners,H Yellow,A Yellow,H Red,A Red,Display_Order,League
0,15/01/2025,2024/25,Blackburn,Portsmouth,3,0,H,0.0,0.0,D,F Hallam,13.0,11.0,6.0,2.0,15.0,19.0,5.0,6.0,1.0,3.0,0.0,0.0,20250115,English Second
1,14/01/2025,2024/25,Cardiff,Watford,1,1,D,0.0,0.0,D,O Langford,12.0,4.0,4.0,2.0,8.0,14.0,7.0,3.0,1.0,2.0,0.0,0.0,20250114,English Second
2,14/01/2025,2024/25,Plymouth,Oxford,1,1,D,0.0,1.0,A,S Allison,11.0,8.0,2.0,3.0,8.0,10.0,6.0,3.0,1.0,1.0,0.0,0.0,20250114,English Second
3,6/01/2025,2024/25,QPR,Luton,2,1,H,1.0,1.0,D,A Davies,15.0,18.0,6.0,4.0,10.0,9.0,3.0,4.0,1.0,1.0,0.0,0.0,20250106,English Second
4,5/01/2025,2024/25,Sunderland,Portsmouth,1,0,H,1.0,0.0,H,T Bramall,24.0,6.0,8.0,1.0,9.0,10.0,7.0,3.0,1.0,2.0,0.0,1.0,20250105,English Second
5,4/01/2025,2024/25,Blackburn,Burnley,0,1,A,0.0,0.0,D,A Kitchen,11.0,4.0,1.0,2.0,16.0,18.0,10.0,0.0,2.0,2.0,0.0,0.0,20250104,English Second
6,4/01/2025,2024/25,Stoke,Plymouth,0,0,D,0.0,0.0,D,D Whitestone,18.0,2.0,3.0,1.0,13.0,11.0,6.0,3.0,1.0,2.0,0.0,0.0,20250104,English Second
7,4/01/2025,2024/25,Swansea,West Brom,1,1,D,0.0,0.0,D,S Allison,11.0,16.0,2.0,4.0,6.0,8.0,5.0,6.0,2.0,4.0,0.0,0.0,20250104,English Second
8,4/01/2025,2024/25,Bristol City,Derby,1,0,H,1.0,0.0,H,W Finnie,11.0,9.0,2.0,3.0,7.0,12.0,6.0,7.0,3.0,1.0,0.0,0.0,20250104,English Second
9,4/01/2025,2024/25,Hull,Leeds,3,3,D,1.0,0.0,H,A Backhouse,15.0,17.0,6.0,9.0,14.0,9.0,5.0,7.0,0.0,1.0,0.0,0.0,20250104,English Second
10,4/01/2025,2024/25,Middlesbrough,Cardiff,1,1,D,1.0,1.0,D,T Nield,9.0,8.0,3.0,2.0,9.0,15.0,4.0,4.0,2.0,3.0,0.0,0.0,20250104,English Second
11,4/01/2025,2024/25,Norwich,Coventry,2,1,H,0.0,1.0,A,J Bell,24.0,6.0,9.0,2.0,9.0,16.0,9.0,1.0,1.0,2.0,0.0,0.0,20250104,English Second
12,4/01/2025,2024/25,Preston,Oxford,1,1,D,0.0,1.0,A,B Toner,19.0,5.0,5.0,3.0,12.0,13.0,4.0,2.0,3.0,3.0,0.0,0.0,20250104,English Second
13,4/01/2025,2024/25,Sheffield Weds,Millwall,2,2,D,1.0,0.0,H,R Jones,14.0,14.0,2.0,6.0,16.0,17.0,4.0,2.0,1.0,3.0,0.0,0.0,20250104,English Second
14,4/01/2025,2024/25,Watford,Sheffield United,1,2,A,1.0,1.0,D,D Webb,7.0,7.0,4.0,6.0,9.0,8.0,4.0,0.0,2.0,1.0,0.0,0.0,20250104,English Second
15,1/01/2025,2024/25,Plymouth,Bristol City,2,2,D,0.0,1.0,A,T Robinson,15.0,14.0,7.0,6.0,12.0,12.0,1.0,6.0,1.0,0.0,0.0,0.0,20250101,English Second
16,1/01/2025,2024/25,QPR,Watford,3,1,H,2.0,0.0,H,S Martin,9.0,12.0,5.0,3.0,16.0,18.0,2.0,6.0,4.0,4.0,0.0,0.0,20250101,English Second
17,1/01/2025,2024/25,Millwall,Oxford,0,1,A,0.0,0.0,D,R Ricardo,15.0,8.0,4.0,2.0,15.0,11.0,3.0,4.0,0.0,1.0,0.0,0.0,20250101,English Second
18,1/01/2025,2024/25,Burnley,Stoke,0,0,D,0.0,0.0,D,G Ward,18.0,14.0,2.0,3.0,8.0,16.0,6.0,2.0,1.0,4.0,1.0,0.0,20250101,English Second
19,1/01/2025,2024/25,Cardiff,Coventry,1,1,D,1.0,0.0,H,G Eltringham,12.0,17.0,2.0,7.0,8.0,9.0,6.0,9.0,2.0,0.0,1.0,0.0,20250101,English Second
20,1/01/2025,2024/25,Leeds,Blackburn,1,1,D,0.0,0.0,D,O Langford,12.0,4.0,4.0,2.0,9.0,15.0,8.0,3.0,2.0,4.0,0.0,0.0,20250101,English Second
21,1/01/2025,2024/25,Luton,Norwich,0,1,A,0.0,0.0,D,J Gillett,14.0,10.0,3.0,2.0,11.0,9.0,9.0,5.0,1.0,1.0,0.0,0.0,20250101,English Second
22,1/01/2025,2024/25,Portsmouth,Swansea,4,0,H,2.0,0.0,H,J Linington,14.0,12.0,6.0,3.0,12.0,5.0,6.0,6.0,1.0,0.0,0.0,0.0,20250101,English Second
23,1/01/2025,2024/25,Sheffield Weds,Derby,4,2,H,1.0,0.0,H,L Smith,13.0,17.0,8.0,8.0,8.0,8.0,4.0,11.0,1.0,2.0,0.0,0.0,20250101,English Second
24,1/01/2025,2024/25,West Brom,Preston,3,1,H,3.0,0.0,H,R Madley,12.0,10.0,7.0,5.0,12.0,14.0,3.0,5.0,1.0,4.0,0.0,0.0,20250101,English Second
25,1/01/2025,2024/25,Hull,Middlesbrough,0,1,A,0.0,0.0,D,L Doughty,7.0,17.0,0.0,6.0,14.0,6.0,3.0,7.0,2.0,1.0,0.0,0.0,20250101,English Second
26,1/01/2025,2024/25,Sunderland,Sheffield United,2,1,H,2.0,1.0,H,M Donohue,14.0,16.0,6.0,3.0,13.0,7.0,4.0,10.0,4.0,1.0,0.0,0.0,20250101,English Second
27,29/12/2024,2024/25,Norwich,QPR,1,1,D,0.0,1.0,A,S Barrott,19.0,4.0,4.0,0.0,15.0,18.0,4.0,4.0,1.0,4.0,0.0,0.0,20241229,English Second
28,29/12/2024,2024/25,Preston,Sheffield Weds,3,1,H,1.0,0.0,H,S Gill,14.0,18.0,7.0,3.0,15.0,18.0,3.0,6.0,0.0,2.0,0.0,0.0,20241229,English Second
29,29/12/2024,2024/25,Sheffield United,West Brom,1,1,D,1.0,1.0,D,S Attwell,14.0,10.0,2.0,6.0,12.0,11.0,2.0,2.0,3.0,2.0,0.0,0.0,20241229,English Second
30,29/12/2024,2024/25,Blackburn,Hull,0,1,A,0.0,0.0,D,D Whitestone,14.0,8.0,2.0,3.0,12.0,16.0,8.0,3.0,3.0,0.0,0.0,0.0,20241229,English Second
31,29/12/2024,2024/25,Bristol City,Portsmouth,3,0,H,3.0,0.0,H,J Busby,20.0,5.0,7.0,2.0,11.0,10.0,10.0,4.0,1.0,1.0,0.0,0.0,20241229,English Second
32,29/12/2024,2024/25,Coventry,Millwall,0,0,D,0.0,0.0,D,A Kitchen,6.0,10.0,1.0,2.0,13.0,15.0,5.0,5.0,0.0,1.0,0.0,0.0,20241229,English Second
33,29/12/2024,2024/25,Oxford,Plymouth,2,0,H,1.0,0.0,H,D Webb,14.0,11.0,5.0,2.0,9.0,15.0,9.0,6.0,0.0,2.0,0.0,0.0,20241229,English Second
34,29/12/2024,2024/25,Stoke,Sunderland,1,0,H,0.0,0.0,D,J Bell,11.0,22.0,4.0,7.0,17.0,11.0,4.0,12.0,5.0,2.0,0.0,0.0,20241229,English Second
35,29/12/2024,2024/25,Swansea,Luton,2,1,H,1.0,1.0,D,F Hallam,12.0,4.0,9.0,1.0,14.0,17.0,8.0,1.0,1.0,2.0,0.0,1.0,20241229,English Second
36,29/12/2024,2024/25,Watford,Cardiff,1,2,A,1.0,2.0,A,S Allison,9.0,9.0,1.0,3.0,15.0,12.0,4.0,2.0,2.0,3.0,0.0,0.0,20241229,English Second
37,29/12/2024,2024/25,Derby,Leeds,0,1,A,0.0,0.0,D,A Davies,4.0,17.0,1.0,6.0,14.0,9.0,2.0,9.0,1.0,1.0,0.0,0.0,20241229,English Second
38,29/12/2024,2024/25,Middlesbrough,Burnley,0,0,D,0.0,0.0,D,J Smith,8.0,8.0,3.0,1.0,10.0,12.0,1.0,4.0,1.0,3.0,0.0,0.0,20241229,English Second
39,26/12/2024,2024/25,Blackburn,Sunderland,2,2,D,1.0,0.0,H,R Madley,12.0,13.0,3.0,4.0,11.0,14.0,5.0,4.0,2.0,3.0,0.0,0.0,20241226,English Second
40,26/12/2024,2024/25,Bristol City,Luton,1,0,H,0.0,0.0,D,P Bankes,10.0,7.0,3.0,2.0,9.0,9.0,5.0,4.0,2.0,1.0,0.0,0.0,20241226,English Second
41,26/12/2024,2024/25,Coventry,Plymouth,4,0,H,4.0,0.0,H,A Herczeg,19.0,5.0,9.0,1.0,7.0,11.0,4.0,4.0,0.0,1.0,0.0,1.0,20241226,English Second
42,26/12/2024,2024/25,Middlesbrough,Sheffield Weds,3,3,D,3.0,0.0,H,A Backhouse,7.0,15.0,4.0,5.0,11.0,12.0,1.0,9.0,0.0,2.0,1.0,0.0,20241226,English Second
43,26/12/2024,2024/25,Norwich,Millwall,2,1,H,2.0,0.0,H,T Nield,9.0,8.0,4.0,2.0,8.0,11.0,4.0,2.0,2.0,1.0,0.0,0.0,20241226,English Second
44,26/12/2024,2024/25,Oxford,Cardiff,3,2,H,1.0,0.0,H,G Ward,13.0,8.0,5.0,3.0,14.0,7.0,3.0,0.0,1.0,1.0,0.0,0.0,20241226,English Second
45,26/12/2024,2024/25,Preston,Hull,1,0,H,0.0,0.0,D,J Smith,8.0,10.0,2.0,4.0,10.0,13.0,2.0,2.0,3.0,1.0,0.0,0.0,20241226,English Second
46,26/12/2024,2024/25,Sheffield United,Burnley,0,2,A,0.0,1.0,A,O Langford,9.0,8.0,3.0,4.0,10.0,14.0,6.0,5.0,3.0,1.0,0.0,0.0,20241226,English Second
47,26/12/2024,2024/25,Swansea,QPR,3,0,H,3.0,0.0,H,B Toner,10.0,4.0,8.0,0.0,13.0,8.0,3.0,3.0,2.0,3.0,0.0,0.0,20241226,English Second
48,26/12/2024,2024/25,Watford,Portsmouth,2,1,H,0.0,1.0,A,G Eltringham,13.0,5.0,6.0,1.0,12.0,13.0,11.0,5.0,1.0,6.0,1.0,0.0,20241226,English Second
49,26/12/2024,2024/25,Derby,West Brom,2,1,H,1.0,0.0,H,J Gillett,13.0,14.0,4.0,3.0,13.0,8.0,5.0,3.0,1.0,1.0,0.0,0.0,20241226,English Second
50,26/12/2024,2024/25,Stoke,Leeds,0,2,A,0.0,1.0,A,S Martin,3.0,20.0,2.0,5.0,8.0,8.0,1.0,7.0,4.0,0.0,0.0,0.0,20241226,English Second
51,22/12/2024,2024/25,West Brom,Bristol City,2,0,H,2.0,0.0,H,T Kirk,17.0,8.0,4.0,2.0,8.0,17.0,6.0,1.0,2.0,3.0,0.0,0.0,20241222,English Second
52,21/12/2024,2024/25,Hull,Swansea,2,1,H,1.0,1.0,D,T Bramall,12.0,8.0,5.0,2.0,12.0,11.0,3.0,5.0,2.0,2.0,0.0,0.0,20241221,English Second
53,21/12/2024,2024/25,Portsmouth,Coventry,4,1,H,2.0,1.0,H,D Whitestone,12.0,7.0,7.0,3.0,14.0,14.0,10.0,2.0,1.0,0.0,0.0,0.0,20241221,English Second
54,21/12/2024,2024/25,Sheffield Weds,Stoke,2,0,H,0.0,0.0,D,S Allison,6.0,15.0,4.0,4.0,12.0,12.0,6.0,6.0,2.0,2.0,1.0,0.0,20241221,English Second
55,21/12/2024,2024/25,Burnley,Watford,2,1,H,1.0,0.0,H,J Linington,15.0,9.0,5.0,2.0,12.0,16.0,7.0,3.0,3.0,1.0,0.0,0.0,20241221,English Second
56,21/12/2024,2024/25,Cardiff,Sheffield United,0,2,A,0.0,0.0,D,D Bond,8.0,12.0,2.0,5.0,13.0,11.0,3.0,6.0,3.0,1.0,0.0,0.0,20241221,English Second
57,21/12/2024,2024/25,Leeds,Oxford,4,0,H,1.0,0.0,H,J Bell,23.0,6.0,9.0,0.0,7.0,7.0,5.0,0.0,0.0,1.0,0.0,0.0,20241221,English Second
58,21/12/2024,2024/25,Millwall,Blackburn,1,0,H,0.0,0.0,D,D Webb,17.0,6.0,4.0,1.0,12.0,15.0,6.0,4.0,0.0,2.0,0.0,0.0,20241221,English Second
59,21/12/2024,2024/25,Plymouth,Middlesbrough,3,3,D,1.0,0.0,H,W Finnie,12.0,17.0,5.0,6.0,8.0,8.0,3.0,6.0,2.0,2.0,0.0,0.0,20241221,English Second
60,21/12/2024,2024/25,QPR,Preston,2,1,H,0.0,1.0,A,M Donohue,16.0,2.0,4.0,2.0,10.0,16.0,5.0,1.0,1.0,0.0,0.0,1.0,20241221,English Second
61,21/12/2024,2024/25,Sunderland,Norwich,2,1,H,0.0,1.0,A,L Doughty,7.0,7.0,4.0,4.0,15.0,14.0,4.0,2.0,5.0,3.0,0.0,1.0,20241221,English Second
62,20/12/2024,2024/25,Luton,Derby,2,1,H,0.0,0.0,D,A Kitchen,18.0,10.0,5.0,3.0,12.0,14.0,7.0,4.0,1.0,3.0,0.0,0.0,20241220,English Second
63,15/12/2024,2024/25,Watford,West Brom,2,1,H,1.0,0.0,H,G Ward,14.0,15.0,7.0,6.0,9.0,7.0,4.0,5.0,2.0,3.0,0.0,0.0,20241215,English Second
64,15/12/2024,2024/25,Norwich,Burnley,1,2,A,1.0,0.0,H,A Madley,12.0,10.0,6.0,5.0,14.0,13.0,6.0,5.0,3.0,1.0,0.0,0.0,20241215,English Second
65,14/12/2024,2024/25,Bristol City,QPR,1,1,D,0.0,0.0,D,L Smith,17.0,5.0,5.0,2.0,5.0,9.0,10.0,3.0,1.0,2.0,0.0,0.0,20241214,English Second
66,14/12/2024,2024/25,Coventry,Hull,2,1,H,0.0,1.0,A,R Madley,18.0,10.0,7.0,4.0,16.0,11.0,10.0,2.0,3.0,3.0,0.0,0.0,20241214,English Second
67,14/12/2024,2024/25,Preston,Leeds,1,1,D,1.0,0.0,H,J Busby,5.0,18.0,2.0,4.0,16.0,7.0,2.0,8.0,3.0,1.0,0.0,0.0,20241214,English Second
68,14/12/2024,2024/25,Blackburn,Luton,2,0,H,2.0,0.0,H,M Salisbury,12.0,10.0,6.0,4.0,14.0,11.0,4.0,4.0,3.0,2.0,0.0,1.0,20241214,English Second
69,14/12/2024,2024/25,Middlesbrough,Millwall,1,0,H,1.0,0.0,H,G Eltringham,11.0,12.0,2.0,4.0,14.0,10.0,3.0,4.0,2.0,2.0,0.0,0.0,20241214,English Second
70,14/12/2024,2024/25,Oxford,Sheffield Weds,1,3,A,1.0,1.0,D,S Martin,11.0,15.0,5.0,9.0,9.0,11.0,7.0,11.0,0.0,1.0,0.0,0.0,20241214,English Second
71,14/12/2024,2024/25,Sheffield United,Plymouth,2,0,H,1.0,0.0,H,F Hallam,10.0,12.0,3.0,4.0,10.0,13.0,2.0,3.0,0.0,2.0,0.0,0.0,20241214,English Second
72,14/12/2024,2024/25,Stoke,Cardiff,2,2,D,1.0,1.0,D,J Smith,14.0,19.0,5.0,4.0,10.0,10.0,4.0,4.0,4.0,1.0,0.0,0.0,20241214,English Second
73,14/12/2024,2024/25,Swansea,Sunderland,2,3,A,2.0,1.0,H,A Davies,10.0,13.0,4.0,5.0,12.0,14.0,2.0,4.0,1.0,4.0,0.0,0.0,20241214,English Second
74,13/12/2024,2024/25,Derby,Portsmouth,4,0,H,3.0,0.0,H,O Langford,17.0,3.0,7.0,0.0,8.0,6.0,5.0,3.0,0.0,1.0,0.0,0.0,20241213,English Second
75,11/12/2024,2024/25,Cardiff,Preston,0,2,A,0.0,0.0,D,J Linington,13.0,14.0,4.0,4.0,11.0,16.0,7.0,2.0,2.0,5.0,0.0,0.0,20241211,English Second
76,11/12/2024,2024/25,Hull,Watford,1,1,D,0.0,0.0,D,L Doughty,13.0,12.0,4.0,2.0,15.0,7.0,6.0,2.0,2.0,3.0,0.0,0.0,20241211,English Second
77,11/12/2024,2024/25,Millwall,Sheffield United,0,1,A,0.0,1.0,A,M Donohue,11.0,9.0,3.0,1.0,10.0,9.0,7.0,3.0,0.0,2.0,0.0,0.0,20241211,English Second
78,11/12/2024,2024/25,QPR,Oxford,2,0,H,0.0,0.0,D,A Herczeg,11.0,4.0,4.0,1.0,11.0,20.0,0.0,4.0,2.0,2.0,0.0,0.0,20241211,English Second
79,11/12/2024,2024/25,West Brom,Coventry,2,0,H,1.0,0.0,H,J Busby,10.0,16.0,2.0,4.0,5.0,7.0,9.0,9.0,1.0,1.0,0.0,0.0,20241211,English Second
80,10/12/2024,2024/25,Burnley,Derby,0,0,D,0.0,0.0,D,A Davies,14.0,6.0,4.0,1.0,8.0,15.0,6.0,2.0,1.0,1.0,0.0,0.0,20241210,English Second
81,10/12/2024,2024/25,Luton,Stoke,2,1,H,1.0,1.0,D,T Nield,18.0,15.0,8.0,4.0,7.0,16.0,10.0,4.0,1.0,2.0,0.0,0.0,20241210,English Second
82,10/12/2024,2024/25,Plymouth,Swansea,1,2,A,0.0,1.0,A,S Martin,14.0,10.0,2.0,2.0,10.0,20.0,6.0,3.0,0.0,3.0,0.0,0.0,20241210,English Second
83,10/12/2024,2024/25,Portsmouth,Norwich,0,0,D,0.0,0.0,D,A Kitchen,15.0,5.0,1.0,4.0,14.0,21.0,8.0,3.0,3.0,5.0,0.0,0.0,20241210,English Second
84,10/12/2024,2024/25,Sheffield Weds,Blackburn,0,1,A,0.0,0.0,D,J Smith,16.0,8.0,4.0,3.0,8.0,12.0,8.0,3.0,0.0,2.0,0.0,0.0,20241210,English Second
85,10/12/2024,2024/25,Sunderland,Bristol City,1,1,D,0.0,0.0,D,D Whitestone,21.0,7.0,5.0,2.0,10.0,12.0,8.0,4.0,2.0,5.0,0.0,0.0,20241210,English Second
86,10/12/2024,2024/25,Leeds,Middlesbrough,3,1,H,1.0,0.0,H,B Toner,17.0,6.0,5.0,2.0,11.0,17.0,7.0,4.0,1.0,2.0,0.0,0.0,20241210,English Second
87,8/12/2024,2024/25,West Brom,Sheffield United,2,2,D,1.0,2.0,A,D Webb,11.0,12.0,4.0,5.0,8.0,13.0,6.0,5.0,2.0,4.0,0.0,0.0,20241208,English Second
88,7/12/2024,2024/25,Leeds,Derby,2,0,H,2.0,0.0,H,M Donohue,18.0,3.0,6.0,1.0,6.0,10.0,10.0,2.0,0.0,1.0,0.0,0.0,20241207,English Second
89,7/12/2024,2024/25,Sheffield Weds,Preston,1,1,D,0.0,1.0,A,R Madley,13.0,14.0,4.0,7.0,16.0,9.0,6.0,3.0,4.0,2.0,0.0,0.0,20241207,English Second
90,7/12/2024,2024/25,Sunderland,Stoke,2,1,H,1.0,1.0,D,C Pawson,25.0,11.0,10.0,3.0,5.0,9.0,9.0,4.0,0.0,0.0,0.0,0.0,20241207,English Second
91,7/12/2024,2024/25,Hull,Blackburn,0,1,A,0.0,1.0,A,T Kirk,14.0,5.0,6.0,1.0,10.0,14.0,9.0,2.0,2.0,4.0,0.0,0.0,20241207,English Second
92,7/12/2024,2024/25,Luton,Swansea,1,1,D,1.0,0.0,H,J Bell,8.0,20.0,2.0,10.0,16.0,10.0,5.0,8.0,0.0,0.0,0.0,0.0,20241207,English Second
93,7/12/2024,2024/25,Millwall,Coventry,0,1,A,0.0,0.0,D,T Bramall,9.0,14.0,0.0,3.0,11.0,11.0,7.0,8.0,2.0,1.0,0.0,0.0,20241207,English Second
94,7/12/2024,2024/25,Portsmouth,Bristol City,3,0,H,1.0,0.0,H,S Gill,13.0,11.0,8.0,2.0,14.0,12.0,6.0,7.0,3.0,3.0,0.0,0.0,20241207,English Second
95,7/12/2024,2024/25,QPR,Norwich,3,0,H,2.0,0.0,H,A Backhouse,9.0,5.0,5.0,1.0,8.0,12.0,2.0,10.0,5.0,2.0,0.0,0.0,20241207,English Second
96,6/12/2024,2024/25,Burnley,Middlesbrough,1,1,D,1.0,1.0,D,A Kitchen,15.0,10.0,4.0,5.0,12.0,10.0,11.0,3.0,1.0,0.0,0.0,0.0,20241206,English Second
97,1/12/2024,2024/25,Derby,Sheffield Weds,1,2,A,1.0,0.0,H,J Busby,13.0,10.0,4.0,2.0,20.0,7.0,7.0,5.0,5.0,1.0,0.0,0.0,20241201,English Second
98,30/11/2024,2024/25,Middlesbrough,Hull,3,1,H,2.0,0.0,H,A Martin,21.0,10.0,9.0,3.0,9.0,10.0,7.0,6.0,1.0,2.0,0.0,0.0,20241130,English Second
99,30/11/2024,2024/25,Oxford,Millwall,1,1,D,0.0,1.0,A,A Backhouse,8.0,11.0,3.0,3.0,10.0,14.0,2.0,11.0,0.0,4.0,0.0,0.0,20241130,English Second
100,30/11/2024,2024/25,Watford,QPR,0,0,D,0.0,0.0,D,A Kitchen,17.0,16.0,6.0,1.0,17.0,14.0,7.0,5.0,2.0,3.0,0.0,0.0,20241130,English Second
101,30/11/2024,2024/25,Blackburn,Leeds,1,0,H,1.0,0.0,H,L Smith,11.0,13.0,2.0,5.0,9.0,12.0,3.0,9.0,2.0,2.0,0.0,0.0,20241130,English Second
102,30/11/2024,2024/25,Bristol City,Plymouth,4,0,H,0.0,0.0,D,T Robinson,25.0,4.0,12.0,2.0,7.0,16.0,5.0,2.0,1.0,3.0,0.0,0.0,20241130,English Second
103,30/11/2024,2024/25,Coventry,Cardiff,2,2,D,1.0,1.0,D,J Bell,11.0,10.0,6.0,4.0,10.0,15.0,5.0,1.0,1.0,5.0,0.0,0.0,20241130,English Second
104,30/11/2024,2024/25,Norwich,Luton,4,2,H,2.0,1.0,H,J Smith,16.0,12.0,6.0,3.0,9.0,12.0,6.0,5.0,1.0,2.0,0.0,0.0,20241130,English Second
105,30/11/2024,2024/25,Preston,West Brom,1,1,D,0.0,1.0,A,T Bramall,13.0,8.0,6.0,3.0,12.0,10.0,7.0,4.0,2.0,1.0,0.0,0.0,20241130,English Second
106,30/11/2024,2024/25,Stoke,Burnley,0,2,A,0.0,0.0,D,O Langford,14.0,16.0,5.0,4.0,10.0,5.0,6.0,4.0,2.0,0.0,0.0,0.0,20241130,English Second
107,30/11/2024,2024/25,Swansea,Portsmouth,2,2,D,1.0,2.0,A,W Finnie,22.0,6.0,6.0,4.0,8.0,11.0,9.0,1.0,2.0,4.0,0.0,0.0,20241130,English Second
108,29/11/2024,2024/25,Sheffield United,Sunderland,1,0,H,0.0,0.0,D,G Ward,14.0,16.0,4.0,2.0,12.0,8.0,8.0,8.0,4.0,2.0,1.0,1.0,20241129,English Second
109,27/11/2024,2024/25,Cardiff,QPR,0,2,A,0.0,1.0,A,S Martin,24.0,10.0,7.0,5.0,12.0,5.0,14.0,4.0,0.0,1.0,0.0,0.0,20241127,English Second
110,27/11/2024,2024/25,Leeds,Luton,3,0,H,2.0,0.0,H,S Allison,20.0,7.0,11.0,4.0,9.0,12.0,9.0,1.0,1.0,2.0,0.0,0.0,20241127,English Second
111,27/11/2024,2024/25,Middlesbrough,Blackburn,0,1,A,0.0,0.0,D,J Bell,10.0,7.0,2.0,2.0,7.0,7.0,5.0,3.0,1.0,0.0,0.0,0.0,20241127,English Second
112,27/11/2024,2024/25,Derby,Swansea,1,2,A,0.0,2.0,A,B Toner,18.0,3.0,7.0,2.0,16.0,14.0,6.0,2.0,3.0,1.0,0.0,0.0,20241127,English Second
113,26/11/2024,2024/25,Burnley,Coventry,2,0,H,0.0,0.0,D,A Backhouse,12.0,3.0,3.0,1.0,10.0,7.0,6.0,2.0,0.0,1.0,0.0,0.0,20241126,English Second
114,26/11/2024,2024/25,Hull,Sheffield Weds,0,2,A,0.0,1.0,A,O Langford,9.0,16.0,3.0,4.0,12.0,9.0,4.0,6.0,1.0,2.0,0.0,0.0,20241126,English Second
115,26/11/2024,2024/25,Norwich,Plymouth,6,1,H,2.0,1.0,H,S Gill,19.0,13.0,10.0,4.0,11.0,5.0,8.0,4.0,0.0,1.0,0.0,0.0,20241126,English Second
116,26/11/2024,2024/25,Sheffield United,Oxford,3,0,H,2.0,0.0,H,L Doughty,14.0,9.0,8.0,3.0,8.0,7.0,7.0,7.0,1.0,1.0,0.0,0.0,20241126,English Second
117,26/11/2024,2024/25,Stoke,Preston,0,0,D,0.0,0.0,D,M Donohue,12.0,8.0,1.0,3.0,7.0,10.0,8.0,10.0,1.0,1.0,0.0,0.0,20241126,English Second
118,26/11/2024,2024/25,Watford,Bristol City,1,0,H,0.0,0.0,D,J Linington,7.0,14.0,1.0,5.0,15.0,11.0,3.0,6.0,2.0,2.0,0.0,0.0,20241126,English Second
119,26/11/2024,2024/25,Sunderland,West Brom,0,0,D,0.0,0.0,D,R Madley,18.0,2.0,2.0,0.0,9.0,7.0,13.0,2.0,0.0,0.0,0.0,0.0,20241126,English Second
120,24/11/2024,2024/25,Swansea,Leeds,3,4,A,2.0,1.0,H,D Whitestone,10.0,13.0,5.0,4.0,11.0,11.0,1.0,2.0,1.0,2.0,0.0,0.0,20241124,English Second
121,23/11/2024,2024/25,Bristol City,Burnley,0,1,A,0.0,1.0,A,R Madley,7.0,14.0,2.0,5.0,9.0,15.0,8.0,3.0,3.0,4.0,0.0,0.0,20241123,English Second
122,23/11/2024,2024/25,Coventry,Sheffield United,2,2,D,1.0,2.0,A,D Bond,20.0,7.0,6.0,2.0,13.0,6.0,12.0,2.0,4.0,2.0,0.0,1.0,20241123,English Second
123,23/11/2024,2024/25,Sheffield Weds,Cardiff,1,1,D,1.0,1.0,D,A Kitchen,16.0,9.0,3.0,4.0,8.0,13.0,6.0,2.0,0.0,1.0,0.0,0.0,20241123,English Second
124,23/11/2024,2024/25,Luton,Hull,1,0,H,1.0,0.0,H,T Bramall,7.0,14.0,2.0,2.0,10.0,10.0,10.0,4.0,2.0,1.0,0.0,0.0,20241123,English Second
125,23/11/2024,2024/25,Millwall,Sunderland,1,1,D,0.0,1.0,A,J Busby,11.0,9.0,5.0,6.0,14.0,16.0,10.0,2.0,1.0,2.0,0.0,0.0,20241123,English Second
126,23/11/2024,2024/25,Oxford,Middlesbrough,2,6,A,1.0,3.0,A,J Smith,11.0,16.0,7.0,12.0,9.0,8.0,6.0,9.0,1.0,3.0,0.0,0.0,20241123,English Second
127,23/11/2024,2024/25,Preston,Derby,1,1,D,1.0,1.0,D,D Webb,11.0,5.0,3.0,1.0,8.0,12.0,7.0,3.0,2.0,2.0,0.0,0.0,20241123,English Second
128,23/11/2024,2024/25,QPR,Stoke,1,1,D,0.0,1.0,A,G Ward,23.0,9.0,5.0,5.0,9.0,10.0,10.0,4.0,3.0,2.0,0.0,0.0,20241123,English Second
129,23/11/2024,2024/25,West Brom,Norwich,2,2,D,2.0,2.0,D,L Smith,22.0,11.0,6.0,5.0,4.0,12.0,11.0,2.0,1.0,2.0,0.0,0.0,20241123,English Second
130,22/11/2024,2024/25,Plymouth,Watford,2,2,D,1.0,2.0,A,A Davies,10.0,12.0,3.0,5.0,5.0,13.0,2.0,8.0,2.0,1.0,0.0,0.0,20241122,English Second
131,10/11/2024,2024/25,Sheffield United,Sheffield Weds,1,0,H,0.0,0.0,D,L Smith,8.0,10.0,1.0,0.0,15.0,22.0,5.0,6.0,1.0,3.0,0.0,0.0,20241110,English Second
132,10/11/2024,2024/25,Hull,West Brom,1,2,A,1.0,2.0,A,A Kitchen,13.0,5.0,3.0,3.0,16.0,10.0,4.0,3.0,1.0,2.0,0.0,0.0,20241110,English Second
133,10/11/2024,2024/25,Burnley,Swansea,1,0,H,0.0,0.0,D,D Webb,2.0,9.0,7.0,4.0,13.0,12.0,5.0,1.0,1.0,3.0,0.0,0.0,20241110,English Second
134,9/11/2024,2024/25,Cardiff,Blackburn,1,3,A,0.0,1.0,A,G Ward,20.0,10.0,8.0,7.0,11.0,6.0,12.0,1.0,0.0,3.0,0.0,0.0,20241109,English Second
135,9/11/2024,2024/25,Middlesbrough,Luton,5,1,H,2.0,0.0,H,T Harrington,11.0,5.0,6.0,3.0,6.0,15.0,1.0,1.0,1.0,4.0,0.0,0.0,20241109,English Second
136,9/11/2024,2024/25,Stoke,Millwall,1,1,D,0.0,1.0,A,J Bell,8.0,7.0,3.0,1.0,13.0,8.0,9.0,2.0,2.0,2.0,0.0,0.0,20241109,English Second
137,9/11/2024,2024/25,Derby,Plymouth,1,1,D,1.0,1.0,D,S Hooper,20.0,5.0,4.0,2.0,7.0,11.0,8.0,3.0,1.0,4.0,0.0,0.0,20241109,English Second
138,9/11/2024,2024/25,Leeds,QPR,2,0,H,1.0,0.0,H,M Donohue,21.0,5.0,6.0,0.0,12.0,13.0,7.0,1.0,1.0,2.0,0.0,0.0,20241109,English Second
139,9/11/2024,2024/25,Norwich,Bristol City,0,2,A,0.0,1.0,A,F Hallam,9.0,9.0,3.0,2.0,16.0,8.0,3.0,3.0,2.0,0.0,0.0,0.0,20241109,English Second
140,9/11/2024,2024/25,Portsmouth,Preston,3,1,H,2.0,0.0,H,J Busby,18.0,6.0,6.0,1.0,12.0,13.0,11.0,5.0,1.0,0.0,0.0,0.0,20241109,English Second
141,9/11/2024,2024/25,Sunderland,Coventry,2,2,D,2.0,0.0,H,L Doughty,9.0,8.0,5.0,3.0,10.0,16.0,2.0,7.0,3.0,4.0,0.0,0.0,20241109,English Second
142,8/11/2024,2024/25,Watford,Oxford,1,0,H,0.0,0.0,D,A Backhouse,16.0,10.0,8.0,3.0,12.0,8.0,11.0,4.0,5.0,2.0,0.0,0.0,20241108,English Second
143,7/11/2024,2024/25,West Brom,Burnley,0,0,D,0.0,0.0,D,T Nield,11.0,12.0,1.0,4.0,6.0,20.0,2.0,8.0,3.0,3.0,0.0,0.0,20241107,English Second
144,6/11/2024,2024/25,Blackburn,Stoke,0,2,A,0.0,0.0,D,A Davies,25.0,15.0,8.0,7.0,8.0,8.0,9.0,4.0,1.0,2.0,0.0,0.0,20241106,English Second
145,6/11/2024,2024/25,Coventry,Derby,1,2,A,0.0,1.0,A,J Linington,11.0,3.0,3.0,1.0,5.0,11.0,9.0,6.0,0.0,2.0,0.0,0.0,20241106,English Second
146,6/11/2024,2024/25,Millwall,Leeds,1,0,H,1.0,0.0,H,L Doughty,6.0,14.0,3.0,4.0,11.0,14.0,2.0,12.0,2.0,1.0,0.0,0.0,20241106,English Second
147,6/11/2024,2024/25,Luton,Cardiff,1,0,H,0.0,0.0,D,M Donohue,8.0,10.0,3.0,3.0,12.0,13.0,6.0,6.0,2.0,1.0,0.0,0.0,20241106,English Second
148,6/11/2024,2024/25,Preston,Sunderland,0,0,D,0.0,0.0,D,L Smith,14.0,10.0,2.0,2.0,20.0,11.0,4.0,4.0,2.0,1.0,0.0,0.0,20241106,English Second
149,5/11/2024,2024/25,Bristol City,Sheffield United,1,2,A,0.0,0.0,D,J Busby,12.0,11.0,2.0,4.0,8.0,12.0,2.0,5.0,0.0,2.0,1.0,0.0,20241105,English Second
150,5/11/2024,2024/25,Oxford,Hull,1,0,H,0.0,0.0,D,W Finnie,4.0,12.0,2.0,2.0,8.0,10.0,2.0,6.0,2.0,1.0,0.0,0.0,20241105,English Second
151,5/11/2024,2024/25,QPR,Middlesbrough,1,4,A,0.0,2.0,A,O Langford,7.0,12.0,5.0,8.0,8.0,11.0,8.0,5.0,0.0,2.0,0.0,0.0,20241105,English Second
152,5/11/2024,2024/25,Sheffield Weds,Norwich,2,0,H,2.0,0.0,H,S Martin,12.0,5.0,5.0,3.0,6.0,16.0,2.0,5.0,0.0,0.0,0.0,0.0,20241105,English Second
153,5/11/2024,2024/25,Plymouth,Portsmouth,1,0,H,0.0,0.0,D,J Bell,10.0,14.0,4.0,4.0,8.0,21.0,5.0,6.0,4.0,2.0,0.0,0.0,20241105,English Second
154,5/11/2024,2024/25,Swansea,Watford,1,0,H,1.0,0.0,H,J Smith,12.0,7.0,3.0,0.0,9.0,10.0,6.0,8.0,3.0,2.0,0.0,0.0,20241105,English Second
155,3/11/2024,2024/25,Millwall,Burnley,1,0,H,0.0,0.0,D,G Ward,12.0,8.0,3.0,0.0,17.0,12.0,2.0,3.0,2.0,2.0,0.0,0.0,20241103,English Second
156,2/11/2024,2024/25,Blackburn,Sheffield United,0,2,A,0.0,1.0,A,O Langford,9.0,20.0,0.0,9.0,11.0,14.0,5.0,8.0,1.0,2.0,0.0,0.0,20241102,English Second
157,2/11/2024,2024/25,Oxford,Swansea,1,2,A,0.0,1.0,A,M Salisbury,9.0,16.0,2.0,5.0,15.0,8.0,1.0,8.0,1.0,1.0,0.0,0.0,20241102,English Second
158,2/11/2024,2024/25,Stoke,Derby,2,1,H,1.0,0.0,H,J Smith,13.0,9.0,4.0,3.0,10.0,14.0,9.0,4.0,2.0,3.0,0.0,0.0,20241102,English Second
159,2/11/2024,2024/25,Cardiff,Norwich,2,1,H,0.0,0.0,D,L Smith,11.0,16.0,5.0,6.0,11.0,15.0,4.0,4.0,3.0,2.0,0.0,0.0,20241102,English Second
160,2/11/2024,2024/25,Hull,Portsmouth,1,1,D,1.0,0.0,H,A Backhouse,10.0,9.0,3.0,5.0,12.0,7.0,5.0,3.0,1.0,4.0,0.0,0.0,20241102,English Second
161,2/11/2024,2024/25,Leeds,Plymouth,3,0,H,3.0,0.0,H,D Webb,23.0,0.0,7.0,0.0,11.0,15.0,9.0,0.0,0.0,0.0,0.0,0.0,20241102,English Second
162,2/11/2024,2024/25,Middlesbrough,Coventry,0,3,A,0.0,1.0,A,T Bramall,9.0,10.0,1.0,4.0,4.0,12.0,6.0,8.0,1.0,3.0,1.0,0.0,20241102,English Second
163,2/11/2024,2024/25,Preston,Bristol City,1,3,A,0.0,1.0,A,G Eltringham,14.0,5.0,2.0,3.0,11.0,20.0,4.0,1.0,4.0,3.0,0.0,0.0,20241102,English Second
164,2/11/2024,2024/25,QPR,Sunderland,0,0,D,0.0,0.0,D,B Toner,17.0,8.0,3.0,1.0,12.0,10.0,6.0,6.0,1.0,2.0,0.0,1.0,20241102,English Second
165,2/11/2024,2024/25,Sheffield Weds,Watford,2,6,A,1.0,1.0,D,S Allison,14.0,16.0,6.0,8.0,14.0,16.0,6.0,2.0,3.0,3.0,0.0,0.0,20241102,English Second
166,1/11/2024,2024/25,Luton,West Brom,1,1,D,0.0,1.0,A,D Whitestone,13.0,10.0,5.0,3.0,10.0,13.0,6.0,3.0,1.0,2.0,0.0,0.0,20241101,English Second
167,27/10/2024,2024/25,Norwich,Middlesbrough,3,3,D,1.0,3.0,A,J Bell,9.0,14.0,3.0,8.0,15.0,7.0,3.0,2.0,2.0,3.0,1.0,0.0,20241027,English Second
168,26/10/2024,2024/25,Bristol City,Leeds,0,0,D,0.0,0.0,D,J Linington,4.0,17.0,0.0,5.0,11.0,10.0,7.0,6.0,1.0,3.0,0.0,0.0,20241026,English Second
169,26/10/2024,2024/25,Coventry,Luton,3,2,H,0.0,2.0,A,R Madley,26.0,9.0,10.0,5.0,9.0,16.0,11.0,5.0,2.0,3.0,0.0,1.0,20241026,English Second
170,26/10/2024,2024/25,Watford,Blackburn,1,0,H,0.0,0.0,D,D England,10.0,12.0,1.0,2.0,9.0,17.0,6.0,3.0,5.0,4.0,0.0,0.0,20241026,English Second
171,26/10/2024,2024/25,Burnley,QPR,0,0,D,0.0,0.0,D,A Kitchen,22.0,2.0,4.0,0.0,7.0,10.0,16.0,1.0,0.0,1.0,0.0,0.0,20241026,English Second
172,26/10/2024,2024/25,Derby,Hull,1,1,D,0.0,0.0,D,T Nield,14.0,11.0,3.0,5.0,10.0,11.0,5.0,3.0,1.0,4.0,0.0,0.0,20241026,English Second
173,26/10/2024,2024/25,Plymouth,Preston,3,3,D,0.0,2.0,A,A Davies,12.0,16.0,6.0,8.0,12.0,16.0,2.0,1.0,0.0,3.0,0.0,0.0,20241026,English Second
174,26/10/2024,2024/25,Sheffield United,Stoke,2,0,H,1.0,0.0,H,B Toner,19.0,7.0,6.0,3.0,12.0,14.0,5.0,3.0,4.0,2.0,0.0,0.0,20241026,English Second
175,26/10/2024,2024/25,Sunderland,Oxford,2,0,H,1.0,0.0,H,O Langford,13.0,5.0,6.0,2.0,9.0,8.0,8.0,2.0,2.0,2.0,0.0,0.0,20241026,English Second
176,26/10/2024,2024/25,Swansea,Millwall,0,1,A,0.0,0.0,D,J Busby,17.0,6.0,5.0,2.0,13.0,14.0,10.0,6.0,1.0,4.0,0.0,0.0,20241026,English Second
177,26/10/2024,2024/25,West Brom,Cardiff,0,0,D,0.0,0.0,D,J Smith,19.0,5.0,4.0,0.0,9.0,18.0,12.0,1.0,4.0,3.0,0.0,0.0,20241026,English Second
178,25/10/2024,2024/25,Portsmouth,Sheffield Weds,1,2,A,1.0,0.0,H,T Robinson,9.0,9.0,2.0,3.0,10.0,14.0,7.0,7.0,1.0,3.0,0.0,0.0,20241025,English Second
179,23/10/2024,2024/25,Blackburn,West Brom,0,0,D,0.0,0.0,D,J Busby,8.0,9.0,2.0,4.0,10.0,7.0,4.0,4.0,2.0,0.0,0.0,0.0,20241023,English Second
180,23/10/2024,2024/25,Hull,Burnley,1,1,D,1.0,0.0,H,D Whitestone,11.0,11.0,2.0,5.0,4.0,15.0,4.0,8.0,0.0,1.0,0.0,0.0,20241023,English Second
181,23/10/2024,2024/25,Luton,Sunderland,1,2,A,0.0,0.0,D,T Nield,19.0,9.0,4.0,5.0,14.0,12.0,10.0,3.0,2.0,4.0,0.0,0.0,20241023,English Second
182,23/10/2024,2024/25,Millwall,Plymouth,1,0,H,1.0,0.0,H,S Allison,13.0,9.0,6.0,2.0,12.0,11.0,6.0,2.0,5.0,1.0,0.0,0.0,20241023,English Second
183,23/10/2024,2024/25,Middlesbrough,Sheffield United,1,0,H,0.0,0.0,D,A Davies,18.0,9.0,6.0,5.0,7.0,4.0,8.0,6.0,0.0,1.0,0.0,0.0,20241023,English Second
184,22/10/2024,2024/25,Cardiff,Portsmouth,2,0,H,2.0,0.0,H,O Langford,24.0,8.0,10.0,2.0,9.0,13.0,12.0,5.0,2.0,2.0,0.0,0.0,20241022,English Second
185,22/10/2024,2024/25,Leeds,Watford,2,1,H,2.0,0.0,H,A Backhouse,24.0,9.0,7.0,3.0,7.0,11.0,10.0,4.0,2.0,1.0,0.0,0.0,20241022,English Second
186,22/10/2024,2024/25,Oxford,Derby,1,1,D,1.0,0.0,H,G Ward,11.0,17.0,3.0,4.0,8.0,8.0,1.0,6.0,1.0,5.0,0.0,0.0,20241022,English Second
187,22/10/2024,2024/25,Preston,Norwich,2,2,D,2.0,1.0,H,W Finnie,8.0,9.0,2.0,3.0,12.0,15.0,5.0,2.0,2.0,3.0,0.0,0.0,20241022,English Second
188,22/10/2024,2024/25,Sheffield Weds,Swansea,0,0,D,0.0,0.0,D,M Donohue,8.0,9.0,0.0,1.0,8.0,5.0,9.0,6.0,0.0,4.0,0.0,0.0,20241022,English Second
189,22/10/2024,2024/25,Stoke,Bristol City,2,2,D,2.0,0.0,H,D Webb,10.0,28.0,6.0,10.0,10.0,5.0,6.0,13.0,3.0,1.0,0.0,0.0,20241022,English Second
190,22/10/2024,2024/25,QPR,Coventry,1,1,D,0.0,1.0,A,J Bell,16.0,8.0,5.0,3.0,7.0,13.0,7.0,3.0,2.0,1.0,0.0,0.0,20241022,English Second
191,20/10/2024,2024/25,Hull,Sunderland,0,1,A,0.0,0.0,D,R Madley,8.0,10.0,0.0,2.0,12.0,8.0,4.0,4.0,1.0,1.0,0.0,0.0,20241020,English Second
192,19/10/2024,2024/25,Cardiff,Plymouth,5,0,H,2.0,0.0,H,A Kitchen,25.0,6.0,11.0,2.0,15.0,10.0,9.0,1.0,3.0,1.0,0.0,1.0,20241019,English Second
193,19/10/2024,2024/25,Luton,Watford,3,0,H,1.0,0.0,H,S Martin,13.0,9.0,5.0,1.0,22.0,20.0,11.0,4.0,3.0,2.0,0.0,0.0,20241019,English Second
194,19/10/2024,2024/25,Oxford,West Brom,1,1,D,0.0,1.0,A,L Doughty,12.0,14.0,3.0,3.0,16.0,10.0,5.0,8.0,3.0,1.0,0.0,0.0,20241019,English Second
195,19/10/2024,2024/25,Preston,Coventry,1,0,H,0.0,0.0,D,J Smith,18.0,12.0,3.0,1.0,12.0,12.0,9.0,9.0,4.0,0.0,0.0,0.0,20241019,English Second
196,19/10/2024,2024/25,Blackburn,Swansea,1,0,H,1.0,0.0,H,D Webb,8.0,14.0,3.0,2.0,15.0,5.0,3.0,8.0,1.0,2.0,0.0,0.0,20241019,English Second
197,19/10/2024,2024/25,Middlesbrough,Bristol City,0,2,A,0.0,2.0,A,S Allison,20.0,9.0,2.0,3.0,13.0,10.0,7.0,0.0,5.0,3.0,0.0,0.0,20241019,English Second
198,19/10/2024,2024/25,Millwall,Derby,1,1,D,0.0,0.0,D,S Attwell,16.0,5.0,6.0,1.0,12.0,14.0,9.0,5.0,2.0,0.0,0.0,0.0,20241019,English Second
199,19/10/2024,2024/25,QPR,Portsmouth,1,2,A,1.0,1.0,D,J Linington,15.0,11.0,8.0,3.0,11.0,11.0,3.0,5.0,1.0,3.0,0.0,0.0,20241019,English Second
200,19/10/2024,2024/25,Sheffield Weds,Burnley,0,2,A,0.0,1.0,A,M Salisbury,13.0,14.0,3.0,6.0,10.0,11.0,10.0,3.0,1.0,2.0,0.0,0.0,20241019,English Second
201,19/10/2024,2024/25,Stoke,Norwich,1,1,D,1.0,1.0,D,A Backhouse,14.0,12.0,5.0,4.0,7.0,9.0,8.0,7.0,0.0,1.0,0.0,0.0,20241019,English Second
202,18/10/2024,2024/25,Leeds,Sheffield United,2,0,H,0.0,0.0,D,L Smith,13.0,5.0,4.0,0.0,10.0,10.0,7.0,3.0,1.0,2.0,0.0,0.0,20241018,English Second
203,6/10/2024,2024/25,Bristol City,Cardiff,1,1,D,0.0,0.0,D,R Madley,16.0,15.0,2.0,2.0,8.0,12.0,4.0,6.0,2.0,1.0,0.0,0.0,20241006,English Second
204,5/10/2024,2024/25,Burnley,Preston,0,0,D,0.0,0.0,D,G Ward,9.0,9.0,1.0,2.0,10.0,12.0,2.0,3.0,3.0,4.0,0.0,0.0,20241005,English Second
205,5/10/2024,2024/25,Norwich,Hull,4,0,H,2.0,0.0,H,T Nield,19.0,16.0,9.0,5.0,11.0,14.0,4.0,7.0,3.0,4.0,0.0,0.0,20241005,English Second
206,5/10/2024,2024/25,Portsmouth,Oxford,1,1,D,0.0,0.0,D,L Smith,21.0,13.0,8.0,3.0,11.0,10.0,11.0,4.0,0.0,1.0,0.0,0.0,20241005,English Second
207,5/10/2024,2024/25,Coventry,Sheffield Weds,1,2,A,1.0,1.0,D,D Whitestone,13.0,13.0,2.0,5.0,12.0,17.0,6.0,6.0,4.0,3.0,0.0,0.0,20241005,English Second
208,5/10/2024,2024/25,Derby,QPR,2,0,H,0.0,0.0,D,D Webb,10.0,11.0,5.0,3.0,12.0,10.0,6.0,9.0,1.0,1.0,0.0,0.0,20241005,English Second
209,5/10/2024,2024/25,Plymouth,Blackburn,2,1,H,1.0,0.0,H,J Linington,17.0,7.0,7.0,4.0,8.0,16.0,5.0,5.0,4.0,3.0,0.0,0.0,20241005,English Second
210,5/10/2024,2024/25,Sheffield United,Luton,2,0,H,1.0,0.0,H,J Brooks,15.0,8.0,7.0,2.0,10.0,8.0,5.0,6.0,2.0,1.0,0.0,0.0,20241005,English Second
211,5/10/2024,2024/25,Swansea,Stoke,0,0,D,0.0,0.0,D,A Davies,19.0,10.0,5.0,4.0,8.0,14.0,5.0,9.0,0.0,4.0,0.0,0.0,20241005,English Second
212,5/10/2024,2024/25,Watford,Middlesbrough,2,1,H,0.0,0.0,D,M Donohue,9.0,11.0,4.0,5.0,15.0,11.0,7.0,5.0,3.0,1.0,0.0,0.0,20241005,English Second
213,5/10/2024,2024/25,West Brom,Millwall,0,0,D,0.0,0.0,D,W Finnie,13.0,6.0,3.0,4.0,8.0,15.0,5.0,2.0,2.0,3.0,0.0,0.0,20241005,English Second
214,4/10/2024,2024/25,Sunderland,Leeds,2,2,D,1.0,1.0,D,T Robinson,14.0,15.0,4.0,4.0,11.0,16.0,8.0,1.0,3.0,3.0,0.0,0.0,20241004,English Second
215,2/10/2024,2024/25,Preston,Watford,3,0,H,0.0,0.0,D,A Kitchen,15.0,10.0,6.0,6.0,12.0,12.0,7.0,5.0,2.0,0.0,0.0,0.0,20241002,English Second
216,2/10/2024,2024/25,Sheffield United,Swansea,1,0,H,1.0,0.0,H,L Doughty,15.0,7.0,3.0,1.0,13.0,9.0,5.0,5.0,3.0,2.0,0.0,0.0,20241002,English Second
217,2/10/2024,2024/25,Stoke,Portsmouth,6,1,H,3.0,1.0,H,T Nield,20.0,9.0,8.0,2.0,9.0,13.0,3.0,5.0,2.0,1.0,0.0,0.0,20241002,English Second
218,2/10/2024,2024/25,Bristol City,Sheffield Weds,0,0,D,0.0,0.0,D,A Backhouse,10.0,8.0,2.0,1.0,10.0,12.0,6.0,5.0,2.0,1.0,0.0,0.0,20241002,English Second
219,1/10/2024,2024/25,Burnley,Plymouth,1,0,H,1.0,0.0,H,R Madley,11.0,7.0,3.0,0.0,14.0,8.0,7.0,1.0,1.0,0.0,0.0,0.0,20241001,English Second
220,1/10/2024,2024/25,Cardiff,Millwall,1,0,H,1.0,0.0,H,G Ward,10.0,11.0,5.0,5.0,14.0,12.0,5.0,6.0,1.0,3.0,0.0,0.0,20241001,English Second
221,1/10/2024,2024/25,Coventry,Blackburn,3,0,H,1.0,0.0,H,J Busby,18.0,10.0,8.0,3.0,12.0,12.0,5.0,1.0,1.0,3.0,0.0,0.0,20241001,English Second
222,1/10/2024,2024/25,Luton,Oxford,2,2,D,2.0,1.0,H,J Bell,12.0,19.0,4.0,8.0,13.0,12.0,5.0,6.0,3.0,3.0,1.0,0.0,20241001,English Second
223,1/10/2024,2024/25,Norwich,Leeds,1,1,D,1.0,0.0,H,S Martin,7.0,14.0,1.0,3.0,12.0,18.0,9.0,6.0,2.0,4.0,0.0,0.0,20241001,English Second
224,1/10/2024,2024/25,QPR,Hull,1,3,A,1.0,2.0,A,T Kirk,21.0,15.0,7.0,6.0,12.0,11.0,5.0,6.0,1.0,3.0,0.0,0.0,20241001,English Second
225,1/10/2024,2024/25,Sunderland,Derby,2,0,H,1.0,0.0,H,D Whitestone,9.0,13.0,3.0,5.0,7.0,19.0,1.0,8.0,2.0,2.0,0.0,0.0,20241001,English Second
226,1/10/2024,2024/25,West Brom,Middlesbrough,0,1,A,0.0,0.0,D,D Webb,11.0,15.0,1.0,4.0,7.0,6.0,5.0,4.0,2.0,1.0,0.0,0.0,20241001,English Second
227,29/09/2024,2024/25,Swansea,Bristol City,1,1,D,1.0,0.0,H,A Kitchen,7.0,15.0,2.0,6.0,10.0,15.0,3.0,8.0,1.0,3.0,0.0,0.0,20240929,English Second
228,28/09/2024,2024/25,Blackburn,QPR,2,0,H,0.0,0.0,D,C Pawson,19.0,6.0,12.0,1.0,16.0,11.0,8.0,2.0,3.0,2.0,0.0,1.0,20240928,English Second
229,28/09/2024,2024/25,Derby,Norwich,2,3,A,0.0,1.0,A,O Langford,16.0,10.0,5.0,5.0,13.0,7.0,9.0,5.0,3.0,2.0,0.0,0.0,20240928,English Second
230,28/09/2024,2024/25,Sheffield Weds,West Brom,3,2,H,2.0,0.0,H,B Toner,12.0,12.0,5.0,3.0,11.0,14.0,5.0,4.0,5.0,3.0,0.0,0.0,20240928,English Second
231,28/09/2024,2024/25,Hull,Cardiff,4,1,H,2.0,1.0,H,L Doughty,18.0,16.0,9.0,5.0,9.0,12.0,7.0,5.0,3.0,4.0,0.0,0.0,20240928,English Second
232,28/09/2024,2024/25,Leeds,Coventry,3,0,H,1.0,0.0,H,G Ward,13.0,7.0,8.0,2.0,16.0,15.0,7.0,3.0,1.0,1.0,0.0,0.0,20240928,English Second
233,28/09/2024,2024/25,Middlesbrough,Stoke,2,0,H,1.0,0.0,H,S Martin,26.0,7.0,9.0,1.0,10.0,17.0,7.0,2.0,4.0,7.0,0.0,0.0,20240928,English Second
234,28/09/2024,2024/25,Millwall,Preston,3,1,H,2.0,0.0,H,D Bond,14.0,11.0,6.0,4.0,16.0,10.0,3.0,8.0,2.0,2.0,1.0,0.0,20240928,English Second
235,28/09/2024,2024/25,Oxford,Burnley,0,0,D,0.0,0.0,D,J Linington,3.0,14.0,1.0,1.0,8.0,13.0,2.0,6.0,1.0,2.0,0.0,0.0,20240928,English Second
236,28/09/2024,2024/25,Portsmouth,Sheffield United,0,0,D,0.0,0.0,D,M Donohue,9.0,12.0,2.0,4.0,12.0,19.0,15.0,9.0,2.0,2.0,0.0,0.0,20240928,English Second
237,28/09/2024,2024/25,Watford,Sunderland,2,1,H,1.0,0.0,H,A Davies,13.0,17.0,5.0,5.0,11.0,11.0,4.0,6.0,2.0,1.0,0.0,0.0,20240928,English Second
238,27/09/2024,2024/25,Plymouth,Luton,3,1,H,1.0,0.0,H,J Busby,19.0,16.0,6.0,2.0,4.0,13.0,3.0,15.0,1.0,4.0,0.0,0.0,20240927,English Second
239,22/09/2024,2024/25,Preston,Blackburn,0,0,D,0.0,0.0,D,M Donohue,7.0,6.0,5.0,3.0,10.0,16.0,4.0,4.0,4.0,4.0,1.0,1.0,20240922,English Second
240,21/09/2024,2024/25,Norwich,Watford,4,1,H,2.0,1.0,H,A Backhouse,19.0,11.0,8.0,3.0,6.0,8.0,3.0,5.0,2.0,1.0,0.0,0.0,20240921,English Second
241,21/09/2024,2024/25,QPR,Millwall,1,1,D,1.0,1.0,D,J Busby,7.0,16.0,2.0,5.0,9.0,12.0,5.0,10.0,2.0,1.0,0.0,0.0,20240921,English Second
242,21/09/2024,2024/25,Sunderland,Middlesbrough,1,0,H,1.0,0.0,H,S Hooper,9.0,11.0,2.0,1.0,8.0,15.0,3.0,5.0,3.0,2.0,0.0,0.0,20240921,English Second
243,21/09/2024,2024/25,Bristol City,Oxford,2,1,H,0.0,1.0,A,W Finnie,19.0,7.0,6.0,2.0,16.0,14.0,5.0,1.0,1.0,4.0,0.0,0.0,20240921,English Second
244,21/09/2024,2024/25,Burnley,Portsmouth,2,1,H,0.0,1.0,A,D Webb,18.0,5.0,4.0,2.0,15.0,4.0,4.0,2.0,2.0,2.0,0.0,0.0,20240921,English Second
245,21/09/2024,2024/25,Cardiff,Leeds,0,2,A,0.0,1.0,A,J Smith,3.0,15.0,2.0,7.0,10.0,14.0,0.0,4.0,2.0,2.0,1.0,0.0,20240921,English Second
246,21/09/2024,2024/25,Coventry,Swansea,1,2,A,1.0,2.0,A,J Linington,20.0,11.0,7.0,4.0,12.0,5.0,6.0,3.0,2.0,3.0,0.0,0.0,20240921,English Second
247,21/09/2024,2024/25,Luton,Sheffield Weds,2,1,H,0.0,0.0,D,G Ward,15.0,12.0,3.0,6.0,9.0,14.0,8.0,5.0,1.0,1.0,0.0,1.0,20240921,English Second
248,21/09/2024,2024/25,Sheffield United,Derby,1,0,H,0.0,0.0,D,A Madley,18.0,3.0,5.0,0.0,11.0,13.0,11.0,2.0,3.0,2.0,0.0,0.0,20240921,English Second
249,21/09/2024,2024/25,West Brom,Plymouth,1,0,H,0.0,0.0,D,A Kitchen,17.0,17.0,4.0,4.0,9.0,9.0,5.0,2.0,3.0,2.0,0.0,0.0,20240921,English Second
250,20/09/2024,2024/25,Stoke,Hull,1,3,A,1.0,0.0,H,B Toner,14.0,13.0,2.0,3.0,12.0,10.0,2.0,5.0,3.0,2.0,0.0,0.0,20240920,English Second
251,15/09/2024,2024/25,Portsmouth,West Brom,0,3,A,0.0,1.0,A,L Doughty,14.0,19.0,0.0,7.0,18.0,6.0,10.0,4.0,5.0,2.0,0.0,0.0,20240915,English Second
252,14/09/2024,2024/25,Leeds,Burnley,0,1,A,0.0,1.0,A,J Bell,17.0,7.0,4.0,3.0,8.0,13.0,9.0,3.0,3.0,4.0,0.0,1.0,20240914,English Second
253,14/09/2024,2024/25,Millwall,Luton,0,1,A,0.0,1.0,A,J Smith,11.0,10.0,3.0,6.0,8.0,20.0,6.0,4.0,2.0,3.0,0.0,0.0,20240914,English Second
254,14/09/2024,2024/25,Oxford,Stoke,1,0,H,0.0,0.0,D,D Whitestone,14.0,9.0,8.0,1.0,5.0,6.0,4.0,6.0,0.0,1.0,0.0,0.0,20240914,English Second
255,14/09/2024,2024/25,Blackburn,Bristol City,3,0,H,1.0,0.0,H,S Martin,9.0,8.0,3.0,2.0,13.0,15.0,6.0,6.0,0.0,4.0,0.0,0.0,20240914,English Second
256,14/09/2024,2024/25,Derby,Cardiff,1,0,H,1.0,0.0,H,M Donohue,12.0,9.0,3.0,3.0,12.0,10.0,7.0,6.0,2.0,3.0,0.0,0.0,20240914,English Second
257,14/09/2024,2024/25,Middlesbrough,Preston,1,1,D,1.0,1.0,D,T Nield,16.0,6.0,6.0,2.0,6.0,21.0,9.0,2.0,0.0,5.0,0.0,0.0,20240914,English Second
258,14/09/2024,2024/25,Plymouth,Sunderland,3,2,H,0.0,1.0,A,J Brooks,13.0,17.0,6.0,7.0,14.0,12.0,3.0,5.0,4.0,4.0,0.0,0.0,20240914,English Second
259,14/09/2024,2024/25,Sheffield Weds,QPR,1,1,D,0.0,0.0,D,O Langford,13.0,13.0,2.0,4.0,6.0,7.0,11.0,4.0,0.0,3.0,0.0,0.0,20240914,English Second
260,14/09/2024,2024/25,Swansea,Norwich,1,0,H,1.0,0.0,H,J Busby,9.0,13.0,4.0,3.0,14.0,14.0,4.0,5.0,2.0,3.0,0.0,0.0,20240914,English Second
261,14/09/2024,2024/25,Watford,Coventry,1,1,D,0.0,1.0,A,R Madley,18.0,17.0,6.0,5.0,9.0,10.0,6.0,10.0,2.0,2.0,0.0,0.0,20240914,English Second
262,13/09/2024,2024/25,Hull,Sheffield United,0,2,A,0.0,1.0,A,P Bankes,10.0,9.0,2.0,4.0,6.0,10.0,16.0,3.0,1.0,4.0,0.0,0.0,20240913,English Second
263,1/09/2024,2024/25,Sheffield United,Watford,1,0,H,1.0,0.0,H,A Kitchen,18.0,7.0,7.0,1.0,15.0,12.0,8.0,5.0,5.0,3.0,0.0,0.0,20240901,English Second
264,31/08/2024,2024/25,Burnley,Blackburn,1,1,D,1.0,1.0,D,T Harrington,15.0,10.0,3.0,3.0,15.0,19.0,9.0,0.0,4.0,5.0,0.0,1.0,20240831,English Second
265,31/08/2024,2024/25,Cardiff,Middlesbrough,0,2,A,0.0,0.0,D,D Webb,12.0,10.0,3.0,5.0,13.0,10.0,4.0,6.0,2.0,1.0,0.0,0.0,20240831,English Second
266,31/08/2024,2024/25,Coventry,Norwich,0,1,A,0.0,0.0,D,A Davies,14.0,9.0,5.0,1.0,11.0,10.0,6.0,3.0,4.0,3.0,0.0,0.0,20240831,English Second
267,31/08/2024,2024/25,Derby,Bristol City,3,0,H,1.0,0.0,H,T Nield,19.0,13.0,7.0,5.0,15.0,11.0,6.0,9.0,1.0,0.0,0.0,0.0,20240831,English Second
268,31/08/2024,2024/25,Leeds,Hull,2,0,H,0.0,0.0,D,G Ward,16.0,9.0,5.0,2.0,12.0,15.0,8.0,7.0,2.0,1.0,0.0,0.0,20240831,English Second
269,31/08/2024,2024/25,Millwall,Sheffield Weds,3,0,H,0.0,0.0,D,L Doughty,18.0,4.0,4.0,1.0,16.0,13.0,6.0,6.0,2.0,1.0,0.0,0.0,20240831,English Second
270,31/08/2024,2024/25,Oxford,Preston,3,1,H,1.0,1.0,D,K Stroud,10.0,10.0,5.0,4.0,8.0,21.0,2.0,5.0,2.0,2.0,0.0,1.0,20240831,English Second
271,31/08/2024,2024/25,Plymouth,Stoke,0,1,A,0.0,0.0,D,O Langford,15.0,15.0,7.0,7.0,14.0,17.0,10.0,4.0,1.0,3.0,0.0,0.0,20240831,English Second
272,31/08/2024,2024/25,Portsmouth,Sunderland,1,3,A,0.0,1.0,A,S Allison,6.0,11.0,2.0,4.0,14.0,14.0,5.0,5.0,3.0,1.0,0.0,0.0,20240831,English Second
273,31/08/2024,2024/25,West Brom,Swansea,1,0,H,1.0,0.0,H,A Backhouse,18.0,6.0,5.0,2.0,8.0,11.0,6.0,7.0,4.0,1.0,0.0,0.0,20240831,English Second
274,30/08/2024,2024/25,Luton,QPR,1,2,A,1.0,0.0,H,R Madley,11.0,11.0,5.0,4.0,13.0,10.0,4.0,5.0,3.0,2.0,0.0,0.0,20240830,English Second
275,25/08/2024,2024/25,Swansea,Cardiff,1,1,D,1.0,0.0,H,O Langford,9.0,7.0,4.0,3.0,14.0,14.0,2.0,5.0,2.0,2.0,0.0,0.0,20240825,English Second
276,24/08/2024,2024/25,Bristol City,Coventry,1,1,D,1.0,0.0,H,A Kitchen,12.0,8.0,7.0,1.0,8.0,16.0,8.0,2.0,2.0,4.0,0.0,0.0,20240824,English Second
277,24/08/2024,2024/25,Hull,Millwall,0,0,D,0.0,0.0,D,D Webb,14.0,13.0,4.0,5.0,11.0,15.0,5.0,7.0,2.0,2.0,0.0,0.0,20240824,English Second
278,24/08/2024,2024/25,QPR,Plymouth,1,1,D,1.0,1.0,D,G Ward,30.0,6.0,10.0,1.0,10.0,14.0,11.0,1.0,2.0,3.0,0.0,2.0,20240824,English Second
279,24/08/2024,2024/25,Blackburn,Oxford,2,1,H,1.0,1.0,D,L Smith,18.0,13.0,4.0,3.0,14.0,8.0,7.0,5.0,2.0,1.0,0.0,0.0,20240824,English Second
280,24/08/2024,2024/25,Middlesbrough,Portsmouth,2,2,D,1.0,2.0,A,M Donohue,29.0,7.0,7.0,3.0,10.0,15.0,15.0,2.0,0.0,5.0,0.0,0.0,20240824,English Second
281,24/08/2024,2024/25,Norwich,Sheffield United,1,1,D,1.0,1.0,D,J Smith,7.0,12.0,5.0,4.0,14.0,7.0,1.0,5.0,5.0,2.0,0.0,0.0,20240824,English Second
282,24/08/2024,2024/25,Preston,Luton,1,0,H,1.0,0.0,H,D Whitestone,6.0,17.0,2.0,4.0,16.0,10.0,2.0,13.0,6.0,1.0,0.0,0.0,20240824,English Second
283,24/08/2024,2024/25,Stoke,West Brom,1,2,A,1.0,2.0,A,J Bell,7.0,8.0,2.0,5.0,12.0,11.0,2.0,5.0,2.0,3.0,0.0,0.0,20240824,English Second
284,24/08/2024,2024/25,Sunderland,Burnley,1,0,H,1.0,0.0,H,S Martin,14.0,4.0,3.0,1.0,13.0,19.0,3.0,1.0,2.0,3.0,1.0,0.0,20240824,English Second
285,24/08/2024,2024/25,Watford,Derby,2,1,H,1.0,1.0,D,G Eltringham,12.0,8.0,3.0,3.0,10.0,11.0,4.0,2.0,2.0,3.0,0.0,0.0,20240824,English Second
286,23/08/2024,2024/25,Sheffield Weds,Leeds,0,2,A,0.0,1.0,A,S Hooper,8.0,13.0,2.0,5.0,14.0,10.0,3.0,2.0,2.0,3.0,0.0,0.0,20240823,English Second
287,18/08/2024,2024/25,Sunderland,Sheffield Weds,4,0,H,3.0,0.0,H,D Whitestone,15.0,9.0,6.0,3.0,9.0,10.0,5.0,8.0,0.0,3.0,0.0,0.0,20240818,English Second
288,17/08/2024,2024/25,Derby,Middlesbrough,1,0,H,1.0,0.0,H,R Madley,3.0,20.0,2.0,4.0,13.0,5.0,3.0,8.0,3.0,1.0,0.0,0.0,20240817,English Second
289,17/08/2024,2024/25,Portsmouth,Luton,0,0,D,0.0,0.0,D,J Busby,15.0,9.0,6.0,4.0,11.0,12.0,5.0,4.0,3.0,2.0,0.0,1.0,20240817,English Second
290,17/08/2024,2024/25,West Brom,Leeds,0,0,D,0.0,0.0,D,S Allison,8.0,8.0,1.0,1.0,14.0,11.0,5.0,4.0,2.0,2.0,0.0,0.0,20240817,English Second
291,17/08/2024,2024/25,Bristol City,Millwall,4,3,H,2.0,0.0,H,S Gill,11.0,15.0,6.0,4.0,11.0,12.0,5.0,4.0,1.0,2.0,0.0,0.0,20240817,English Second
292,17/08/2024,2024/25,Burnley,Cardiff,5,0,H,2.0,0.0,H,M Salisbury,9.0,11.0,4.0,4.0,19.0,6.0,2.0,5.0,2.0,1.0,0.0,0.0,20240817,English Second
293,17/08/2024,2024/25,Norwich,Blackburn,2,2,D,0.0,1.0,A,J Bell,14.0,7.0,4.0,3.0,12.0,12.0,6.0,5.0,2.0,3.0,0.0,0.0,20240817,English Second
294,17/08/2024,2024/25,Plymouth,Hull,1,1,D,0.0,0.0,D,L Doughty,16.0,14.0,7.0,2.0,13.0,16.0,6.0,3.0,3.0,1.0,0.0,0.0,20240817,English Second
295,17/08/2024,2024/25,Sheffield United,QPR,2,2,D,2.0,0.0,H,A Backhouse,14.0,14.0,3.0,3.0,15.0,9.0,4.0,9.0,2.0,2.0,0.0,1.0,20240817,English Second
296,17/08/2024,2024/25,Swansea,Preston,3,0,H,1.0,0.0,H,S Martin,12.0,5.0,6.0,2.0,11.0,21.0,5.0,3.0,1.0,3.0,0.0,0.0,20240817,English Second
297,17/08/2024,2024/25,Watford,Stoke,3,0,H,0.0,0.0,D,T Nield,24.0,7.0,8.0,3.0,12.0,15.0,2.0,4.0,2.0,2.0,0.0,0.0,20240817,English Second
298,16/08/2024,2024/25,Coventry,Oxford,3,2,H,2.0,1.0,H,D Coote,26.0,7.0,10.0,2.0,9.0,7.0,14.0,1.0,0.0,2.0,0.0,0.0,20240816,English Second
299,12/08/2024,2024/25,Luton,Burnley,1,4,A,0.0,2.0,A,M Donohue,10.0,11.0,3.0,6.0,11.0,17.0,5.0,4.0,2.0,3.0,0.0,0.0,20240812,English Second
300,11/08/2024,2024/25,Sheffield Weds,Plymouth,4,0,H,1.0,0.0,H,L Smith,31.0,5.0,11.0,1.0,15.0,14.0,15.0,1.0,1.0,1.0,0.0,0.0,20240811,English Second
301,10/08/2024,2024/25,Cardiff,Sunderland,0,2,A,0.0,1.0,A,A Davies,12.0,11.0,4.0,4.0,10.0,8.0,4.0,4.0,0.0,2.0,0.0,0.0,20240810,English Second
302,10/08/2024,2024/25,Hull,Bristol City,1,1,D,0.0,0.0,D,K Stroud,11.0,15.0,5.0,3.0,10.0,13.0,2.0,8.0,0.0,2.0,0.0,0.0,20240810,English Second
303,10/08/2024,2024/25,Leeds,Portsmouth,3,3,D,1.0,2.0,A,O Langford,22.0,5.0,10.0,4.0,19.0,21.0,12.0,0.0,2.0,4.0,0.0,0.0,20240810,English Second
304,10/08/2024,2024/25,Middlesbrough,Swansea,1,0,H,1.0,0.0,H,S Allison,18.0,5.0,4.0,0.0,14.0,12.0,6.0,9.0,1.0,4.0,0.0,0.0,20240810,English Second
305,10/08/2024,2024/25,Millwall,Watford,2,3,A,0.0,1.0,A,J Busby,16.0,10.0,4.0,5.0,11.0,15.0,5.0,5.0,2.0,3.0,0.0,0.0,20240810,English Second
306,10/08/2024,2024/25,Oxford,Norwich,2,0,H,1.0,0.0,H,A Kitchen,12.0,10.0,4.0,2.0,4.0,14.0,5.0,5.0,1.0,3.0,0.0,0.0,20240810,English Second
307,10/08/2024,2024/25,QPR,West Brom,1,3,A,1.0,1.0,D,D Webb,11.0,7.0,6.0,4.0,7.0,7.0,12.0,3.0,1.0,0.0,0.0,0.0,20240810,English Second
308,10/08/2024,2024/25,Stoke,Coventry,1,0,H,0.0,0.0,D,G Ward,11.0,8.0,2.0,1.0,7.0,9.0,9.0,7.0,2.0,1.0,0.0,0.0,20240810,English Second
309,9/08/2024,2024/25,Blackburn,Derby,4,2,H,1.0,0.0,H,J Smith,11.0,12.0,7.0,4.0,9.0,10.0,1.0,9.0,1.0,3.0,0.0,0.0,20240809,English Second
310,9/08/2024,2024/25,Preston,Sheffield United,0,2,A,0.0,1.0,A,R Madley,12.0,11.0,2.0,3.0,11.0,14.0,3.0,6.0,1.0,0.0,0.0,0.0,20240809,English Second
